full_text,text_clean,label
fyi ใครเลือกผ่อน shopee หลายๆเดือนไป แล้ววันนึงอยากปิดยอด spaylater มีให้ปิดยอดด้วยนะคะ ส่งแบบฟอร์มขอชำระบิลล่วงหน้าไปในระบบ รอเจ้าหน้าที่อนุมัติประมาณ 2-3 วันค่ะ และก็จะได้ดอกเบี้ยคืนด้วยค่ะ https://t.co/LSTH5VG6mz,fyi shopee spaylater 2-3,positif
"💚 ada transaksi di akun shopee adekku segini make paylater dan berulang ulang, tagihannya sampe 2 jt an. dia bilangnya gatau bukan dia. Warga twitter ada yang familiar sama qris gopay dengan nama akun ini gak ya? https://t.co/M8T5peBESq",transaksi akun shopee adekku gin make paylater ulang ulang tagih sampe 2 jt an bilang gatau bukan dia warga twitter yang familiar sama qris gopay nama akun tidak ya,negatif
"Rekomendasi Dompet on Shopee 🌼

— a thread https://t.co/t54b4HyKfC",rekomendasi dompet on shopee a thread,netral
"shopeeのレビュー率マジでバグってるw
国内物販やってる人にはわかる異常値🤣 https://t.co/Lebf5jdSOn",shopee w,negatif
"Spaylater di Shopee ada processing fee tau. Masa nak buat bayaran tu nanti, dia akan ada charge kat situ mengikut berapa jumlah yang perlu dibayar iaitu 1.5%

Jadi jangan seronok sangat tengok 0% interest walau berhutang 6 bulan. Kalau perlu bayar RM1,000 maka jumlah processing https://t.co/pgWjY92GW1",spaylater shopee processing fee tau masa nak buat bayar tu nanti akan charge kat situ ikut berapa jumlah perlu bayar iaitu 1 5 jadi jangan seronok sangat tengok 0 interest hutang 6 bulan kalau perlu bayar rm1 00 jumlah processing,negatif
